data-small/yes/resized/Y59.JPG,1
data-small/no/resized/No21.jpg,0
data-small/yes/resized/Y244.JPG,1
data-small/no/resized/No12.jpg,0
data-small/yes/resized/Y192.JPG,1
data-small/yes/resized/Y167.JPG,1
data-small/no/resized/20 no.jpg,0
data-small/yes/resized/Y157.JPG,1
data-small/no/resized/no 97.jpg,0
data-small/no/resized/41 no.jpg,0
data-small/no/resized/no 4.jpg,0
data-small/yes/resized/Y154.jpg,1
data-small/yes/resized/Y259.JPG,1
data-small/yes/resized/Y35.jpg,1
data-small/yes/resized/Y249.JPG,1
data-small/yes/resized/Y195.JPG,1
data-small/no/resized/32 no.jpg,0
data-small/yes/resized/Y180.jpg,1
data-small/no/resized/21 no.jpg,0
data-small/no/resized/no 94.jpg,0
data-small/yes/resized/Y97.JPG,1
data-small/yes/resized/Y111.JPG,1
data-small/yes/resized/Y19.JPG,1
data-small/yes/resized/Y251.JPG,1
data-small/no/resized/25 no.jpg,0
data-small/yes/resized/Y6.jpg,1
data-small/yes/resized/Y188.jpg,1
data-small/yes/resized/Y258.JPG,1
data-small/no/resized/49 no.jpg,0
data-small/yes/resized/Y79.jpg,1
data-small/yes/resized/Y13.jpg,1
data-small/yes/resized/Y103.jpg,1
data-small/no/resized/no 90.jpg,0
data-small/yes/resized/Y245.jpg,1
data-small/no/resized/N3.jpg,0
data-small/yes/resized/Y156.JPG,1
data-small/no/resized/12 no.jpg,0
data-small/yes/resized/Y184.JPG,1
data-small/yes/resized/Y255.JPG,1
data-small/yes/resized/Y54.jpg,1
data-small/yes/resized/Y253.JPG,1
data-small/yes/resized/Y53.jpg,1
data-small/yes/resized/Y47.JPG,1
data-small/no/resized/no 2.jpg,0
data-small/yes/resized/Y25.jpg,1
data-small/no/resized/38 no.jpg,0
data-small/yes/resized/Y185.jpg,1
data-small/yes/resized/Y147.JPG,1
data-small/no/resized/No18.jpg,0
data-small/no/resized/44no.jpg,0
data-small/yes/resized/Y31.jpg,1
data-small/yes/resized/Y67.JPG,1
data-small/yes/resized/Y91.jpg,1
data-small/no/resized/42 no.jpg,0
data-small/no/resized/17 no.jpg,0
data-small/no/resized/22 no.jpg,0
data-small/yes/resized/Y37.jpg,1
data-small/no/resized/No17.jpg,0
data-small/no/resized/No22.jpg,0
data-small/yes/resized/Y82.jpg,1
data-small/yes/resized/Y86.JPG,1
data-small/yes/resized/Y66.JPG,1
data-small/no/resized/no 10.jpg,0
data-small/yes/resized/Y108.jpg,1
data-small/yes/resized/Y60.jpg,1
data-small/no/resized/N2.JPG,0
data-small/yes/resized/Y92.jpg,1
data-small/yes/resized/Y248.JPG,1
data-small/yes/resized/Y12.jpg,1
data-small/no/resized/6 no.jpg,0
data-small/yes/resized/Y246.JPG,1
data-small/no/resized/1 no.jpeg,0
data-small/yes/resized/Y41.jpg,1
data-small/no/resized/13 no.jpg,0
data-small/yes/resized/Y193.JPG,1
data-small/no/resized/N22.JPG,0
data-small/no/resized/46 no.jpg,0
data-small/no/resized/30 no.jpg,0
data-small/yes/resized/Y100.JPG,1
data-small/no/resized/no 99.jpg,0
data-small/yes/resized/Y120.JPG,1
data-small/no/resized/9 no.jpg,0
data-small/yes/resized/Y22.jpg,1
data-small/yes/resized/Y77.jpg,1
data-small/no/resized/no 9.png,0
data-small/yes/resized/Y34.jpg,1
data-small/yes/resized/Y186.jpg,1
data-small/no/resized/2 no.jpeg,0
data-small/yes/resized/Y15.jpg,1
data-small/yes/resized/Y55.jpg,1
data-small/yes/resized/Y27.jpg,1
data-small/yes/resized/Y69.jpg,1
data-small/no/resized/no 91.jpeg,0
data-small/no/resized/40 no.jpg,0
data-small/yes/resized/Y76.jpg,1
data-small/no/resized/N17.jpg,0
data-small/yes/resized/Y38.jpg,1
data-small/yes/resized/Y39.jpg,1
data-small/no/resized/no 98.jpg,0
data-small/yes/resized/Y61.jpg,1
data-small/yes/resized/Y106.jpg,1
data-small/yes/resized/Y1.jpg,1
data-small/yes/resized/Y242.JPG,1
data-small/no/resized/4 no.jpg,0
data-small/yes/resized/Y11.jpg,1
data-small/no/resized/N11.jpg,0
data-small/yes/resized/Y49.JPG,1
data-small/yes/resized/Y81.jpg,1
data-small/yes/resized/Y7.jpg,1
data-small/yes/resized/Y17.jpg,1
data-small/yes/resized/Y165.JPG,1
data-small/no/resized/N1.JPG,0
data-small/yes/resized/Y20.jpg,1
data-small/yes/resized/Y74.jpg,1
data-small/yes/resized/Y254.jpg,1
data-small/yes/resized/Y163.JPG,1
data-small/no/resized/47 no.jpg,0
data-small/yes/resized/Y73.jpg,1
data-small/yes/resized/Y112.JPG,1
data-small/yes/resized/Y162.jpg,1
data-small/no/resized/No19.jpg,0
data-small/no/resized/18 no.jpg,0
data-small/yes/resized/Y62.jpg,1
data-small/yes/resized/Y256.JPG,1
data-small/yes/resized/Y187.jpg,1
data-small/yes/resized/Y96.jpg,1
data-small/yes/resized/Y14.jpg,1
data-small/yes/resized/Y166.JPG,1
data-small/no/resized/N15.jpg,0
data-small/yes/resized/Y9.jpg,1
data-small/yes/resized/Y243.JPG,1
data-small/yes/resized/Y36.JPG,1
data-small/no/resized/31 no.jpg,0
data-small/no/resized/no 1.jpg,0
data-small/yes/resized/Y90.jpg,1
data-small/no/resized/11 no.jpg,0
data-small/no/resized/5 no.jpg,0
data-small/no/resized/no 92.jpg,0
data-small/yes/resized/Y75.JPG,1
data-small/yes/resized/Y159.JPG,1
data-small/yes/resized/Y158.JPG,1
data-small/yes/resized/Y104.jpg,1
data-small/no/resized/no 6.jpg,0
data-small/yes/resized/Y30.jpg,1
data-small/yes/resized/Y250.jpg,1
data-small/yes/resized/Y23.JPG,1
data-small/no/resized/No14.jpg,0
data-small/no/resized/no 95.jpg,0
data-small/yes/resized/Y40.JPG,1
data-small/no/resized/No16.jpg,0
data-small/yes/resized/Y98.JPG,1
data-small/no/resized/N16.jpg,0
data-small/yes/resized/Y70.jpg,1
data-small/yes/resized/Y161.JPG,1
data-small/no/resized/no 5.jpeg,0
data-small/no/resized/24 no.jpg,0
data-small/no/resized/No13.jpg,0
data-small/yes/resized/Y89.JPG,1
data-small/no/resized/26 no.jpg,0
data-small/no/resized/36 no.jpg,0
data-small/no/resized/50 no.jpg,0
data-small/no/resized/N20.JPG,0
data-small/yes/resized/Y33.jpg,1
data-small/no/resized/N26.JPG,0
data-small/yes/resized/Y164.JPG,1
data-small/no/resized/35 no.jpg,0
data-small/no/resized/no.jpg,0
data-small/yes/resized/Y252.jpg,1
data-small/yes/resized/Y26.jpg,1
data-small/no/resized/N19.JPG,0
data-small/yes/resized/Y102.jpg,1
data-small/yes/resized/Y107.jpg,1
data-small/yes/resized/Y116.JPG,1
data-small/yes/resized/Y16.JPG,1
data-small/no/resized/No15.jpg,0
data-small/no/resized/3 no.jpg,0
data-small/yes/resized/Y3.jpg,1
