data-original/no/resized/Normal_737-slice180.jpg,0
data-original/no/resized/Normal_65-slice180.jpg,0
data-original/no/resized/Normal_930-slice156.jpg,0
data-original/yes/resized/478.jpg,1
data-original/no/resized/Normal_55-slice180.jpg,0
data-original/yes/resized/696.jpg,1
data-original/yes/resized/493.jpg,1
data-original/yes/resized/129.jpg,1
data-original/yes/resized/532.jpg,1
data-original/yes/resized/376.jpg,1
data-original/no/resized/Normal_221-slice180.jpg,0
data-original/yes/resized/457.jpg,1
data-original/no/resized/Normal_113-slice180.jpg,0
data-original/no/resized/Normal_295-slice180.jpg,0
data-original/no/resized/Normal_600-slice156.jpg,0
data-original/yes/resized/678.jpg,1
data-original/no/resized/Normal_461-slice180.jpg,0
data-original/yes/resized/95.jpg,1
data-original/no/resized/Normal_831-slice180.jpg,0
data-original/no/resized/Normal_957-slice180.jpg,0
data-original/no/resized/Normal_288-slice156.jpg,0
data-original/no/resized/Normal_591-slice180.jpg,0
data-original/yes/resized/613.jpg,1
data-original/no/resized/Normal_484-slice156.jpg,0
data-original/no/resized/Normal_1112-slice156.jpg,0
data-original/yes/resized/413.jpg,1
data-original/no/resized/Normal_995-slice180.jpg,0
data-original/yes/resized/48.jpg,1
data-original/no/resized/Normal_1008-slice156.jpg,0
data-original/yes/resized/281.jpg,1
data-original/no/resized/Normal_906-slice156.jpg,0
data-original/yes/resized/762.jpg,1
data-original/yes/resized/717.jpg,1
data-original/no/resized/Normal_418-slice156.jpg,0
data-original/yes/resized/150.jpg,1
data-original/yes/resized/221.jpg,1
data-original/yes/resized/39.jpg,1
data-original/yes/resized/693.jpg,1
data-original/no/resized/Normal_989-slice180.jpg,0
data-original/no/resized/Normal_936-slice156.jpg,0
data-original/no/resized/Normal_706-slice156.jpg,0
data-original/yes/resized/728.jpg,1
data-original/yes/resized/544.jpg,1
data-original/yes/resized/367.jpg,1
data-original/yes/resized/491.jpg,1
data-original/no/resized/Normal_322-slice156.jpg,0
data-original/no/resized/Normal_158-slice156.jpg,0
data-original/yes/resized/366.jpg,1
data-original/yes/resized/337.jpg,1
data-original/yes/resized/579.jpg,1
data-original/no/resized/Normal_732-slice156.jpg,0
data-original/no/resized/Normal_1041-slice180.jpg,0
data-original/no/resized/Normal_1037-slice180.jpg,0
data-original/no/resized/Normal_464-slice156.jpg,0
data-original/no/resized/Normal_1042-slice156.jpg,0
data-original/yes/resized/4.jpg,1
data-original/yes/resized/228.jpg,1
data-original/yes/resized/588.jpg,1
data-original/yes/resized/374.jpg,1
data-original/yes/resized/261.jpg,1
data-original/no/resized/Normal_751-slice180.jpg,0
data-original/no/resized/Normal_749-slice180.jpg,0
data-original/yes/resized/183.jpg,1
data-original/no/resized/Normal_892-slice156.jpg,0
data-original/yes/resized/244.jpg,1
data-original/yes/resized/43.jpg,1
data-original/yes/resized/5.jpg,1
data-original/no/resized/Normal_1053-slice180.jpg,0
data-original/no/resized/Normal_807-slice180.jpg,0
data-original/yes/resized/93.jpg,1
data-original/yes/resized/354.jpg,1
data-original/yes/resized/433.jpg,1
data-original/no/resized/Normal_176-slice156.jpg,0
data-original/yes/resized/254.jpg,1
data-original/no/resized/Normal_292-slice156.jpg,0
data-original/yes/resized/227.jpg,1
data-original/no/resized/Normal_576-slice156.jpg,0
data-original/yes/resized/555.jpg,1
data-original/yes/resized/424.jpg,1
data-original/no/resized/Normal_383-slice180.jpg,0
data-original/no/resized/Normal_800-slice156.jpg,0
data-original/yes/resized/110.jpg,1
data-original/no/resized/Normal_34-slice156.jpg,0
data-original/yes/resized/153.jpg,1
data-original/no/resized/Normal_1110-slice156.jpg,0
data-original/no/resized/Normal_790-slice156.jpg,0
data-original/no/resized/Normal_897-slice180.jpg,0
data-original/no/resized/Normal_291-slice180.jpg,0
data-original/no/resized/Normal_435-slice180.jpg,0
data-original/no/resized/Normal_1081-slice180.jpg,0
data-original/yes/resized/345.jpg,1
data-original/yes/resized/503.jpg,1
data-original/yes/resized/171.jpg,1
data-original/yes/resized/92.jpg,1
data-original/no/resized/Normal_526-slice156.jpg,0
data-original/no/resized/Normal_453-slice180.jpg,0
data-original/yes/resized/11.jpg,1
data-original/no/resized/Normal_299-slice180.jpg,0
data-original/no/resized/Normal_519-slice180.jpg,0
data-original/no/resized/Normal_1086-slice156.jpg,0
data-original/yes/resized/714.jpg,1
data-original/no/resized/Normal_661-slice180.jpg,0
data-original/no/resized/Normal_1136-slice156.jpg,0
data-original/no/resized/Normal_813-slice180.jpg,0
data-original/no/resized/Normal_558-slice156.jpg,0
data-original/yes/resized/658.jpg,1
data-original/no/resized/Normal_51-slice180.jpg,0
data-original/no/resized/Normal_1052-slice156.jpg,0
data-original/no/resized/Normal_937-slice180.jpg,0
data-original/no/resized/Normal_371-slice180.jpg,0
data-original/yes/resized/753.jpg,1
data-original/yes/resized/64.jpg,1
data-original/yes/resized/729.jpg,1
data-original/no/resized/Normal_328-slice156.jpg,0
data-original/no/resized/Normal_929-slice180.jpg,0
data-original/no/resized/Normal_14-slice156.jpg,0
data-original/yes/resized/612.jpg,1
data-original/yes/resized/511.jpg,1
data-original/no/resized/Normal_344-slice156.jpg,0
data-original/yes/resized/241.jpg,1
data-original/no/resized/Normal_572-slice156.jpg,0
data-original/yes/resized/521.jpg,1
data-original/yes/resized/547.jpg,1
data-original/no/resized/Normal_459-slice180.jpg,0
data-original/yes/resized/716.jpg,1
data-original/yes/resized/525.jpg,1
data-original/no/resized/Normal_445-slice180.jpg,0
data-original/yes/resized/448.jpg,1
data-original/yes/resized/706.jpg,1
data-original/no/resized/Normal_853-slice180.jpg,0
data-original/no/resized/Normal_808-slice156.jpg,0
data-original/yes/resized/117.jpg,1
data-original/no/resized/Normal_415-slice180.jpg,0
data-original/yes/resized/164.jpg,1
data-original/no/resized/Normal_911-slice180.jpg,0
data-original/no/resized/Normal_321-slice180.jpg,0
data-original/no/resized/Normal_109-slice180.jpg,0
data-original/yes/resized/417.jpg,1
data-original/yes/resized/333.jpg,1
data-original/yes/resized/165.jpg,1
data-original/yes/resized/346.jpg,1
data-original/yes/resized/535.jpg,1
data-original/no/resized/Normal_1104-slice156.jpg,0
data-original/no/resized/Normal_41-slice180.jpg,0
data-original/yes/resized/352.jpg,1
data-original/yes/resized/698.jpg,1
data-original/no/resized/Normal_821-slice180.jpg,0
data-original/no/resized/Normal_833-slice180.jpg,0
data-original/no/resized/Normal_678-slice156.jpg,0
data-original/no/resized/Normal_531-slice180.jpg,0
data-original/yes/resized/9.jpg,1
data-original/yes/resized/688.jpg,1
data-original/yes/resized/628.jpg,1
data-original/no/resized/Normal_128-slice156.jpg,0
data-original/no/resized/Normal_264-slice156.jpg,0
data-original/no/resized/Normal_110-slice156.jpg,0
data-original/yes/resized/249.jpg,1
data-original/yes/resized/423.jpg,1
data-original/no/resized/Normal_92-slice156.jpg,0
data-original/yes/resized/637.jpg,1
data-original/yes/resized/415.jpg,1
data-original/no/resized/Normal_711-slice180.jpg,0
data-original/no/resized/Normal_590-slice156.jpg,0
data-original/no/resized/Normal_754-slice156.jpg,0
data-original/no/resized/Normal_262-slice156.jpg,0
data-original/yes/resized/662.jpg,1
data-original/yes/resized/703.jpg,1
data-original/no/resized/Normal_1128-slice156.jpg,0
data-original/yes/resized/243.jpg,1
data-original/no/resized/Normal_441-slice180.jpg,0
data-original/no/resized/Normal_535-slice180.jpg,0
data-original/yes/resized/723.jpg,1
data-original/no/resized/Normal_743-slice180.jpg,0
data-original/no/resized/Normal_935-slice180.jpg,0
data-original/no/resized/Normal_1074-slice156.jpg,0
data-original/no/resized/Normal_313-slice180.jpg,0
data-original/yes/resized/195.jpg,1
data-original/no/resized/Normal_469-slice180.jpg,0
data-original/yes/resized/38.jpg,1
data-original/yes/resized/107.jpg,1
data-original/yes/resized/643.jpg,1
data-original/yes/resized/607.jpg,1
data-original/no/resized/Normal_816-slice156.jpg,0
data-original/no/resized/Normal_832-slice156.jpg,0
data-original/no/resized/Normal_1021-slice180.jpg,0
data-original/no/resized/Normal_8-slice156.jpg,0
data-original/yes/resized/291.jpg,1
data-original/yes/resized/287.jpg,1
data-original/yes/resized/45.jpg,1
data-original/yes/resized/302.jpg,1
data-original/yes/resized/683.jpg,1
data-original/no/resized/Normal_581-slice180.jpg,0
data-original/yes/resized/479.jpg,1
data-original/no/resized/Normal_633-slice180.jpg,0
data-original/yes/resized/203.jpg,1
data-original/no/resized/Normal_400-slice156.jpg,0
data-original/no/resized/Normal_1148-slice156.jpg,0
data-original/no/resized/Normal_1132-slice156.jpg,0
data-original/yes/resized/685.jpg,1
data-original/no/resized/Normal_287-slice180.jpg,0
data-original/no/resized/Normal_377-slice180.jpg,0
data-original/no/resized/Normal_1080-slice156.jpg,0
data-original/no/resized/Normal_1048-slice156.jpg,0
data-original/no/resized/Normal_334-slice156.jpg,0
data-original/yes/resized/205.jpg,1
data-original/no/resized/Normal_246-slice156.jpg,0
data-original/yes/resized/61.jpg,1
data-original/no/resized/Normal_394-slice156.jpg,0
data-original/no/resized/Normal_227-slice180.jpg,0
data-original/yes/resized/472.jpg,1
data-original/no/resized/Normal_1131-slice180.jpg,0
data-original/no/resized/Normal_1040-slice156.jpg,0
data-original/no/resized/Normal_746-slice156.jpg,0
data-original/no/resized/Normal_764-slice156.jpg,0
data-original/yes/resized/76.jpg,1
data-original/no/resized/Normal_10-slice156.jpg,0
data-original/no/resized/Normal_669-slice180.jpg,0
data-original/no/resized/Normal_787-slice180.jpg,0
data-original/yes/resized/699.jpg,1
data-original/yes/resized/310.jpg,1
data-original/yes/resized/96.jpg,1
data-original/no/resized/Normal_1055-slice180.jpg,0
data-original/no/resized/Normal_766-slice156.jpg,0
data-original/no/resized/Normal_378-slice156.jpg,0
data-original/no/resized/Normal_180-slice156.jpg,0
data-original/yes/resized/113.jpg,1
data-original/yes/resized/695.jpg,1
data-original/yes/resized/538.jpg,1
data-original/yes/resized/430.jpg,1
data-original/yes/resized/618.jpg,1
data-original/no/resized/Normal_1157-slice180.jpg,0
data-original/yes/resized/181.jpg,1
data-original/no/resized/Normal_565-slice180.jpg,0
data-original/no/resized/Normal_1117-slice180.jpg,0
data-original/no/resized/Normal_202-slice156.jpg,0
data-original/no/resized/Normal_357-slice180.jpg,0
data-original/yes/resized/173.jpg,1
data-original/no/resized/Normal_326-slice156.jpg,0
data-original/yes/resized/70.jpg,1
data-original/yes/resized/591.jpg,1
data-original/no/resized/Normal_370-slice156.jpg,0
data-original/no/resized/Normal_564-slice156.jpg,0
data-original/no/resized/Normal_627-slice180.jpg,0
data-original/yes/resized/509.jpg,1
data-original/yes/resized/580.jpg,1
data-original/no/resized/Normal_838-slice156.jpg,0
data-original/no/resized/Normal_687-slice180.jpg,0
data-original/no/resized/Normal_881-slice180.jpg,0
data-original/no/resized/Normal_725-slice180.jpg,0
data-original/yes/resized/123.jpg,1
data-original/no/resized/Normal_903-slice180.jpg,0
data-original/no/resized/Normal_42-slice156.jpg,0
data-original/yes/resized/71.jpg,1
data-original/no/resized/Normal_117-slice180.jpg,0
data-original/yes/resized/772.jpg,1
data-original/no/resized/Normal_434-slice156.jpg,0
data-original/yes/resized/446.jpg,1
data-original/no/resized/Normal_789-slice180.jpg,0
data-original/no/resized/Normal_171-slice180.jpg,0
data-original/yes/resized/611.jpg,1
data-original/yes/resized/210.jpg,1
data-original/no/resized/Normal_852-slice156.jpg,0
data-original/no/resized/Normal_327-slice180.jpg,0
data-original/yes/resized/542.jpg,1
data-original/yes/resized/774.jpg,1
data-original/yes/resized/285.jpg,1
data-original/yes/resized/82.jpg,1
data-original/no/resized/Normal_677-slice180.jpg,0
data-original/yes/resized/359.jpg,1
data-original/no/resized/Normal_333-slice180.jpg,0
data-original/no/resized/Normal_985-slice180.jpg,0
data-original/no/resized/Normal_342-slice156.jpg,0
data-original/no/resized/Normal_561-slice180.jpg,0
data-original/yes/resized/73.jpg,1
data-original/no/resized/Normal_1016-slice156.jpg,0
data-original/no/resized/Normal_236-slice156.jpg,0
data-original/no/resized/Normal_982-slice156.jpg,0
data-original/yes/resized/494.jpg,1
data-original/yes/resized/335.jpg,1
data-original/yes/resized/686.jpg,1
data-original/yes/resized/216.jpg,1
data-original/no/resized/Normal_142-slice156.jpg,0
data-original/yes/resized/159.jpg,1
data-original/yes/resized/526.jpg,1
data-original/yes/resized/86.jpg,1
data-original/no/resized/Normal_402-slice156.jpg,0
data-original/yes/resized/306.jpg,1
data-original/no/resized/Normal_421-slice180.jpg,0
data-original/yes/resized/502.jpg,1
data-original/no/resized/Normal_1036-slice156.jpg,0
data-original/yes/resized/55.jpg,1
data-original/no/resized/Normal_67-slice180.jpg,0
data-original/yes/resized/543.jpg,1
data-original/no/resized/Normal_861-slice180.jpg,0
data-original/no/resized/Normal_58-slice156.jpg,0
data-original/no/resized/Normal_188-slice156.jpg,0
data-original/no/resized/Normal_129-slice180.jpg,0
data-original/no/resized/Normal_91-slice180.jpg,0
data-original/yes/resized/126.jpg,1
data-original/no/resized/Normal_614-slice156.jpg,0
data-original/yes/resized/605.jpg,1
data-original/no/resized/Normal_143-slice180.jpg,0
data-original/no/resized/Normal_965-slice180.jpg,0
data-original/no/resized/Normal_467-slice180.jpg,0
data-original/no/resized/Normal_234-slice156.jpg,0
data-original/no/resized/Normal_489-slice180.jpg,0
data-original/yes/resized/77.jpg,1
data-original/yes/resized/533.jpg,1
data-original/no/resized/Normal_579-slice180.jpg,0
data-original/no/resized/Normal_588-slice156.jpg,0
data-original/no/resized/Normal_456-slice156.jpg,0
data-original/no/resized/Normal_631-slice180.jpg,0
data-original/no/resized/Normal_243-slice180.jpg,0
data-original/no/resized/Normal_799-slice180.jpg,0
data-original/no/resized/Normal_920-slice156.jpg,0
data-original/no/resized/Normal_839-slice180.jpg,0
data-original/no/resized/Normal_810-slice156.jpg,0
data-original/yes/resized/152.jpg,1
data-original/yes/resized/604.jpg,1
data-original/yes/resized/597.jpg,1
data-original/yes/resized/719.jpg,1
data-original/no/resized/Normal_258-slice156.jpg,0
data-original/no/resized/Normal_380-slice156.jpg,0
data-original/yes/resized/600.jpg,1
data-original/no/resized/Normal_1096-slice156.jpg,0
data-original/no/resized/Normal_281-slice180.jpg,0
data-original/no/resized/Normal_616-slice156.jpg,0
data-original/no/resized/Normal_61-slice180.jpg,0
data-original/yes/resized/539.jpg,1
data-original/no/resized/Normal_685-slice180.jpg,0
data-original/no/resized/Normal_228-slice156.jpg,0
data-original/yes/resized/638.jpg,1
data-original/yes/resized/520.jpg,1
data-original/yes/resized/382.jpg,1
data-original/no/resized/Normal_796-slice156.jpg,0
data-original/no/resized/Normal_233-slice180.jpg,0
data-original/yes/resized/392.jpg,1
data-original/no/resized/Normal_367-slice180.jpg,0
data-original/yes/resized/355.jpg,1
data-original/no/resized/Normal_875-slice180.jpg,0
data-original/yes/resized/745.jpg,1
data-original/no/resized/Normal_774-slice156.jpg,0
data-original/no/resized/Normal_7-slice180.jpg,0
data-original/yes/resized/272.jpg,1
data-original/yes/resized/456.jpg,1
data-original/no/resized/Normal_1029-slice180.jpg,0
data-original/no/resized/Normal_973-slice180.jpg,0
data-original/yes/resized/778.jpg,1
data-original/no/resized/Normal_1000-slice156.jpg,0
data-original/yes/resized/12.jpg,1
data-original/yes/resized/575.jpg,1
data-original/yes/resized/713.jpg,1
data-original/no/resized/Normal_675-slice180.jpg,0
data-original/no/resized/Normal_1149-slice180.jpg,0
data-original/yes/resized/480.jpg,1
data-original/no/resized/Normal_1034-slice156.jpg,0
data-original/no/resized/Normal_1045-slice180.jpg,0
data-original/no/resized/Normal_959-slice180.jpg,0
data-original/no/resized/Normal_209-slice180.jpg,0
data-original/yes/resized/274.jpg,1
data-original/no/resized/Normal_416-slice156.jpg,0
data-original/no/resized/Normal_308-slice156.jpg,0
data-original/no/resized/Normal_417-slice180.jpg,0
data-original/yes/resized/432.jpg,1
data-original/yes/resized/220.jpg,1
data-original/no/resized/Normal_1140-slice156.jpg,0
data-original/no/resized/Normal_94-slice156.jpg,0
data-original/no/resized/Normal_622-slice156.jpg,0
data-original/no/resized/Normal_798-slice156.jpg,0
data-original/no/resized/Normal_1139-slice180.jpg,0
data-original/no/resized/Normal_952-slice156.jpg,0
data-original/yes/resized/536.jpg,1
data-original/yes/resized/154.jpg,1
data-original/yes/resized/47.jpg,1
data-original/yes/resized/524.jpg,1
data-original/yes/resized/51.jpg,1
data-original/no/resized/Normal_879-slice180.jpg,0
data-original/yes/resized/311.jpg,1
data-original/yes/resized/167.jpg,1
data-original/yes/resized/87.jpg,1
data-original/no/resized/Normal_570-slice156.jpg,0
data-original/yes/resized/514.jpg,1
data-original/no/resized/Normal_248-slice156.jpg,0
data-original/yes/resized/707.jpg,1
data-original/yes/resized/299.jpg,1
data-original/no/resized/Normal_115-slice180.jpg,0
data-original/no/resized/Normal_712-slice156.jpg,0
data-original/no/resized/Normal_688-slice156.jpg,0
data-original/yes/resized/224.jpg,1
data-original/no/resized/Normal_660-slice156.jpg,0
data-original/yes/resized/370.jpg,1
data-original/no/resized/Normal_411-slice180.jpg,0
data-original/no/resized/Normal_1106-slice156.jpg,0
data-original/yes/resized/782.jpg,1
data-original/yes/resized/325.jpg,1
data-original/no/resized/Normal_505-slice180.jpg,0
data-original/no/resized/Normal_971-slice180.jpg,0
data-original/yes/resized/191.jpg,1
data-original/no/resized/Normal_934-slice156.jpg,0
data-original/yes/resized/336.jpg,1
data-original/no/resized/Normal_40-slice156.jpg,0
data-original/no/resized/Normal_1024-slice156.jpg,0
data-original/yes/resized/232.jpg,1
data-original/no/resized/Normal_366-slice156.jpg,0
data-original/yes/resized/761.jpg,1
data-original/yes/resized/199.jpg,1
data-original/no/resized/Normal_184-slice156.jpg,0
data-original/no/resized/Normal_1146-slice156.jpg,0
data-original/no/resized/Normal_814-slice156.jpg,0
data-original/no/resized/Normal_271-slice180.jpg,0
data-original/no/resized/Normal_45-slice180.jpg,0
data-original/no/resized/Normal_284-slice156.jpg,0
data-original/yes/resized/677.jpg,1
data-original/yes/resized/740.jpg,1
data-original/no/resized/Normal_1015-slice180.jpg,0
data-original/yes/resized/388.jpg,1
data-original/yes/resized/289.jpg,1
data-original/no/resized/Normal_1014-slice156.jpg,0
data-original/yes/resized/749.jpg,1
data-original/yes/resized/595.jpg,1
data-original/yes/resized/292.jpg,1
data-original/no/resized/Normal_338-slice156.jpg,0
data-original/yes/resized/537.jpg,1
data-original/no/resized/Normal_244-slice156.jpg,0
data-original/yes/resized/418.jpg,1
data-original/no/resized/Normal_87-slice180.jpg,0
data-original/no/resized/Normal_642-slice156.jpg,0
data-original/no/resized/Normal_449-slice180.jpg,0
data-original/no/resized/Normal_817-slice180.jpg,0
data-original/no/resized/Normal_337-slice180.jpg,0
data-original/no/resized/Normal_512-slice156.jpg,0
data-original/yes/resized/398.jpg,1
data-original/yes/resized/290.jpg,1
data-original/yes/resized/689.jpg,1
data-original/no/resized/Normal_407-slice180.jpg,0
data-original/yes/resized/305.jpg,1
data-original/no/resized/Normal_69-slice180.jpg,0
data-original/yes/resized/23.jpg,1
data-original/no/resized/Normal_206-slice156.jpg,0
data-original/no/resized/Normal_795-slice180.jpg,0
data-original/yes/resized/404.jpg,1
data-original/yes/resized/576.jpg,1
data-original/yes/resized/379.jpg,1
data-original/no/resized/Normal_862-slice156.jpg,0
data-original/no/resized/Normal_640-slice156.jpg,0
data-original/no/resized/Normal_1056-slice156.jpg,0
data-original/yes/resized/223.jpg,1
data-original/yes/resized/298.jpg,1
data-original/no/resized/Normal_1155-slice180.jpg,0
data-original/no/resized/Normal_888-slice156.jpg,0
data-original/yes/resized/105.jpg,1
data-original/yes/resized/664.jpg,1
data-original/no/resized/Normal_1127-slice180.jpg,0
data-original/yes/resized/396.jpg,1
data-original/yes/resized/178.jpg,1
data-original/no/resized/Normal_634-slice156.jpg,0
data-original/no/resized/Normal_388-slice156.jpg,0
data-original/yes/resized/758.jpg,1
data-original/no/resized/Normal_802-slice156.jpg,0
data-original/yes/resized/296.jpg,1
data-original/no/resized/Normal_969-slice180.jpg,0
data-original/no/resized/Normal_946-slice156.jpg,0
data-original/yes/resized/702.jpg,1
data-original/no/resized/Normal_355-slice180.jpg,0
data-original/yes/resized/603.jpg,1
data-original/no/resized/Normal_999-slice180.jpg,0
data-original/no/resized/Normal_582-slice156.jpg,0
data-original/yes/resized/397.jpg,1
data-original/yes/resized/80.jpg,1
data-original/yes/resized/207.jpg,1
data-original/yes/resized/40.jpg,1
data-original/no/resized/Normal_575-slice180.jpg,0
data-original/yes/resized/546.jpg,1
data-original/yes/resized/98.jpg,1
data-original/yes/resized/101.jpg,1
data-original/no/resized/Normal_623-slice180.jpg,0
data-original/yes/resized/177.jpg,1
data-original/no/resized/Normal_641-slice180.jpg,0
data-original/no/resized/Normal_120-slice156.jpg,0
data-original/no/resized/Normal_1007-slice180.jpg,0
data-original/yes/resized/225.jpg,1
data-original/no/resized/Normal_473-slice180.jpg,0
data-original/yes/resized/560.jpg,1
data-original/yes/resized/523.jpg,1
data-original/yes/resized/496.jpg,1
data-original/no/resized/Normal_859-slice180.jpg,0
data-original/no/resized/Normal_1-slice180.jpg,0
data-original/no/resized/Normal_918-slice156.jpg,0
data-original/no/resized/Normal_714-slice156.jpg,0
data-original/no/resized/Normal_680-slice156.jpg,0
data-original/yes/resized/739.jpg,1
data-original/no/resized/Normal_36-slice156.jpg,0
data-original/no/resized/Normal_628-slice156.jpg,0
data-original/no/resized/Normal_207-slice180.jpg,0
data-original/no/resized/Normal_536-slice156.jpg,0
data-original/yes/resized/705.jpg,1
data-original/no/resized/Normal_193-slice180.jpg,0
data-original/no/resized/Normal_958-slice156.jpg,0
data-original/no/resized/Normal_783-slice180.jpg,0
data-original/no/resized/Normal_74-slice156.jpg,0
data-original/no/resized/Normal_1089-slice180.jpg,0
data-original/no/resized/Normal_825-slice180.jpg,0
data-original/yes/resized/656.jpg,1
data-original/yes/resized/288.jpg,1
data-original/no/resized/Normal_1022-slice156.jpg,0
data-original/no/resized/Normal_504-slice156.jpg,0
data-original/no/resized/Normal_446-slice156.jpg,0
data-original/no/resized/Normal_28-slice156.jpg,0
data-original/yes/resized/681.jpg,1
data-original/no/resized/Normal_290-slice156.jpg,0
data-original/no/resized/Normal_118-slice156.jpg,0
data-original/yes/resized/601.jpg,1
data-original/no/resized/Normal_6-slice156.jpg,0
data-original/yes/resized/779.jpg,1
data-original/no/resized/Normal_493-slice180.jpg,0
data-original/yes/resized/275.jpg,1
data-original/no/resized/Normal_1092-slice156.jpg,0
data-original/no/resized/Normal_586-slice156.jpg,0
data-original/yes/resized/295.jpg,1
data-original/no/resized/Normal_149-slice180.jpg,0
data-original/no/resized/Normal_666-slice156.jpg,0
data-original/yes/resized/334.jpg,1
data-original/yes/resized/444.jpg,1
data-original/no/resized/Normal_276-slice156.jpg,0
data-original/no/resized/Normal_37-slice180.jpg,0
data-original/yes/resized/206.jpg,1
data-original/no/resized/Normal_381-slice180.jpg,0
data-original/no/resized/Normal_763-slice180.jpg,0
data-original/yes/resized/629.jpg,1
data-original/no/resized/Normal_396-slice156.jpg,0
data-original/yes/resized/653.jpg,1
data-original/no/resized/Normal_395-slice180.jpg,0
data-original/yes/resized/277.jpg,1
data-original/no/resized/Normal_277-slice180.jpg,0
data-original/yes/resized/301.jpg,1
data-original/yes/resized/670.jpg,1
data-original/yes/resized/499.jpg,1
data-original/no/resized/Normal_988-slice156.jpg,0
data-original/no/resized/Normal_314-slice156.jpg,0
data-original/no/resized/Normal_347-slice180.jpg,0
data-original/no/resized/Normal_230-slice156.jpg,0
data-original/no/resized/Normal_719-slice180.jpg,0
data-original/no/resized/Normal_599-slice180.jpg,0
data-original/no/resized/Normal_926-slice156.jpg,0
data-original/no/resized/Normal_212-slice156.jpg,0
data-original/no/resized/Normal_387-slice180.jpg,0
data-original/yes/resized/91.jpg,1
data-original/no/resized/Normal_846-slice156.jpg,0
data-original/no/resized/Normal_450-slice156.jpg,0
data-original/no/resized/Normal_1073-slice180.jpg,0
data-original/yes/resized/648.jpg,1
data-original/yes/resized/610.jpg,1
data-original/yes/resized/475.jpg,1
data-original/no/resized/Normal_38-slice156.jpg,0
data-original/yes/resized/58.jpg,1
data-original/no/resized/Normal_539-slice180.jpg,0
data-original/no/resized/Normal_683-slice180.jpg,0
data-original/no/resized/Normal_165-slice180.jpg,0
data-original/no/resized/Normal_1145-slice180.jpg,0
data-original/yes/resized/800.jpg,1
data-original/yes/resized/530.jpg,1
data-original/yes/resized/125.jpg,1
data-original/yes/resized/155.jpg,1
data-original/yes/resized/798.jpg,1
data-original/yes/resized/541.jpg,1
data-original/yes/resized/755.jpg,1
data-original/no/resized/Normal_1017-slice180.jpg,0
data-original/no/resized/Normal_1012-slice156.jpg,0
data-original/no/resized/Normal_943-slice180.jpg,0
data-original/no/resized/Normal_144-slice156.jpg,0
data-original/yes/resized/271.jpg,1
data-original/no/resized/Normal_5-slice180.jpg,0
data-original/no/resized/Normal_648-slice156.jpg,0
data-original/no/resized/Normal_272-slice156.jpg,0
data-original/no/resized/Normal_311-slice180.jpg,0
data-original/yes/resized/616.jpg,1
data-original/no/resized/Normal_18-slice156.jpg,0
data-original/yes/resized/781.jpg,1
data-original/yes/resized/780.jpg,1
data-original/yes/resized/506.jpg,1
data-original/yes/resized/230.jpg,1
data-original/no/resized/Normal_1133-slice180.jpg,0
data-original/no/resized/Normal_486-slice156.jpg,0
data-original/yes/resized/304.jpg,1
data-original/yes/resized/268.jpg,1
data-original/no/resized/Normal_1098-slice156.jpg,0
data-original/yes/resized/733.jpg,1
data-original/yes/resized/615.jpg,1
data-original/yes/resized/634.jpg,1
data-original/yes/resized/179.jpg,1
data-original/no/resized/Normal_1078-slice156.jpg,0
data-original/no/resized/Normal_56-slice156.jpg,0
data-original/no/resized/Normal_192-slice156.jpg,0
data-original/yes/resized/294.jpg,1
data-original/no/resized/Normal_826-slice156.jpg,0
data-original/no/resized/Normal_420-slice156.jpg,0
data-original/yes/resized/572.jpg,1
data-original/no/resized/Normal_32-slice156.jpg,0
data-original/no/resized/Normal_594-slice156.jpg,0
data-original/no/resized/Normal_922-slice156.jpg,0
data-original/no/resized/Normal_229-slice180.jpg,0
data-original/yes/resized/315.jpg,1
data-original/no/resized/Normal_543-slice180.jpg,0
data-original/yes/resized/214.jpg,1
data-original/yes/resized/79.jpg,1
data-original/yes/resized/140.jpg,1
data-original/yes/resized/380.jpg,1
data-original/no/resized/Normal_729-slice180.jpg,0
data-original/no/resized/Normal_987-slice180.jpg,0
data-original/yes/resized/236.jpg,1
data-original/yes/resized/104.jpg,1
data-original/no/resized/Normal_912-slice156.jpg,0
data-original/no/resized/Normal_733-slice180.jpg,0
data-original/yes/resized/231.jpg,1
data-original/no/resized/Normal_216-slice156.jpg,0
data-original/no/resized/Normal_213-slice180.jpg,0
data-original/yes/resized/455.jpg,1
data-original/yes/resized/323.jpg,1
data-original/yes/resized/724.jpg,1
data-original/yes/resized/776.jpg,1
data-original/yes/resized/351.jpg,1
data-original/no/resized/Normal_684-slice156.jpg,0
data-original/no/resized/Normal_1079-slice180.jpg,0
data-original/no/resized/Normal_72-slice156.jpg,0
data-original/no/resized/Normal_298-slice156.jpg,0
data-original/no/resized/Normal_699-slice180.jpg,0
data-original/no/resized/Normal_948-slice156.jpg,0
data-original/yes/resized/487.jpg,1
data-original/yes/resized/29.jpg,1
data-original/no/resized/Normal_983-slice180.jpg,0
data-original/no/resized/Normal_438-slice156.jpg,0
data-original/no/resized/Normal_173-slice180.jpg,0
data-original/yes/resized/368.jpg,1
data-original/no/resized/Normal_1088-slice156.jpg,0
data-original/yes/resized/212.jpg,1
data-original/no/resized/Normal_1111-slice180.jpg,0
data-original/no/resized/Normal_430-slice156.jpg,0
data-original/no/resized/Normal_546-slice156.jpg,0
data-original/yes/resized/257.jpg,1
data-original/no/resized/Normal_569-slice180.jpg,0
data-original/yes/resized/690.jpg,1
data-original/no/resized/Normal_556-slice156.jpg,0
data-original/no/resized/Normal_405-slice180.jpg,0
data-original/no/resized/Normal_1101-slice180.jpg,0
data-original/yes/resized/668.jpg,1
data-original/yes/resized/128.jpg,1
data-original/no/resized/Normal_145-slice180.jpg,0
data-original/yes/resized/694.jpg,1
data-original/yes/resized/692.jpg,1
data-original/yes/resized/582.jpg,1
data-original/yes/resized/568.jpg,1
data-original/no/resized/Normal_646-slice156.jpg,0
data-original/no/resized/Normal_1156-slice156.jpg,0
data-original/yes/resized/353.jpg,1
data-original/yes/resized/741.jpg,1
data-original/yes/resized/452.jpg,1
data-original/no/resized/Normal_562-slice156.jpg,0
data-original/no/resized/Normal_283-slice180.jpg,0
data-original/no/resized/Normal_692-slice156.jpg,0
data-original/yes/resized/497.jpg,1
data-original/yes/resized/504.jpg,1
data-original/no/resized/Normal_1070-slice156.jpg,0
data-original/yes/resized/587.jpg,1
data-original/yes/resized/250.jpg,1
data-original/no/resized/Normal_533-slice180.jpg,0
data-original/no/resized/Normal_404-slice156.jpg,0
data-original/yes/resized/239.jpg,1
data-original/no/resized/Normal_1130-slice156.jpg,0
data-original/no/resized/Normal_554-slice156.jpg,0
data-original/no/resized/Normal_672-slice156.jpg,0
data-original/yes/resized/490.jpg,1
data-original/yes/resized/339.jpg,1
data-original/no/resized/Normal_1124-slice156.jpg,0
data-original/no/resized/Normal_350-slice156.jpg,0
data-original/no/resized/Normal_514-slice156.jpg,0
data-original/no/resized/Normal_1109-slice180.jpg,0
data-original/no/resized/Normal_781-slice180.jpg,0
data-original/yes/resized/15.jpg,1
data-original/no/resized/Normal_1072-slice156.jpg,0
data-original/no/resized/Normal_52-slice156.jpg,0
data-original/yes/resized/639.jpg,1
data-original/yes/resized/765.jpg,1
data-original/yes/resized/286.jpg,1
data-original/no/resized/Normal_889-slice180.jpg,0
data-original/no/resized/Normal_1003-slice180.jpg,0
data-original/no/resized/Normal_70-slice156.jpg,0
data-original/no/resized/Normal_476-slice156.jpg,0
data-original/yes/resized/84.jpg,1
data-original/no/resized/Normal_761-slice180.jpg,0
data-original/yes/resized/519.jpg,1
data-original/yes/resized/414.jpg,1
data-original/no/resized/Normal_788-slice156.jpg,0
data-original/no/resized/Normal_629-slice180.jpg,0
data-original/no/resized/Normal_650-slice156.jpg,0
data-original/no/resized/Normal_33-slice180.jpg,0
data-original/no/resized/Normal_968-slice156.jpg,0
data-original/no/resized/Normal_829-slice180.jpg,0
data-original/no/resized/Normal_1001-slice180.jpg,0
data-original/no/resized/Normal_1076-slice156.jpg,0
data-original/no/resized/Normal_269-slice180.jpg,0
data-original/no/resized/Normal_665-slice180.jpg,0
data-original/no/resized/Normal_241-slice180.jpg,0
data-original/no/resized/Normal_260-slice156.jpg,0
data-original/no/resized/Normal_1142-slice156.jpg,0
data-original/no/resized/Normal_750-slice156.jpg,0
data-original/no/resized/Normal_1151-slice180.jpg,0
data-original/yes/resized/6.jpg,1
data-original/yes/resized/132.jpg,1
data-original/no/resized/Normal_909-slice180.jpg,0
data-original/no/resized/Normal_47-slice180.jpg,0
data-original/yes/resized/679.jpg,1
data-original/no/resized/Normal_772-slice156.jpg,0
data-original/yes/resized/273.jpg,1
data-original/yes/resized/143.jpg,1
data-original/yes/resized/450.jpg,1
data-original/no/resized/Normal_1105-slice180.jpg,0
data-original/no/resized/Normal_765-slice180.jpg,0
data-original/yes/resized/18.jpg,1
data-original/yes/resized/218.jpg,1
data-original/no/resized/Normal_250-slice156.jpg,0
data-original/no/resized/Normal_760-slice156.jpg,0
data-original/no/resized/Normal_251-slice180.jpg,0
data-original/yes/resized/33.jpg,1
data-original/yes/resized/622.jpg,1
data-original/no/resized/Normal_390-slice156.jpg,0
data-original/no/resized/Normal_509-slice180.jpg,0
data-original/yes/resized/235.jpg,1
data-original/no/resized/Normal_773-slice180.jpg,0
data-original/yes/resized/596.jpg,1
data-original/yes/resized/279.jpg,1
data-original/no/resized/Normal_1116-slice156.jpg,0
data-original/yes/resized/570.jpg,1
data-original/no/resized/Normal_522-slice156.jpg,0
data-original/no/resized/Normal_866-slice156.jpg,0
data-original/no/resized/Normal_617-slice180.jpg,0
data-original/no/resized/Normal_440-slice156.jpg,0
data-original/no/resized/Normal_1118-slice156.jpg,0
data-original/no/resized/Normal_583-slice180.jpg,0
data-original/no/resized/Normal_205-slice180.jpg,0
data-original/no/resized/Normal_515-slice180.jpg,0
data-original/no/resized/Normal_924-slice156.jpg,0
data-original/yes/resized/348.jpg,1
data-original/no/resized/Normal_542-slice156.jpg,0
data-original/no/resized/Normal_649-slice180.jpg,0
data-original/no/resized/Normal_1019-slice180.jpg,0
data-original/no/resized/Normal_297-slice180.jpg,0
data-original/no/resized/Normal_85-slice180.jpg,0
data-original/yes/resized/619.jpg,1
data-original/yes/resized/614.jpg,1
data-original/no/resized/Normal_913-slice180.jpg,0
data-original/yes/resized/211.jpg,1
data-original/no/resized/Normal_667-slice180.jpg,0
data-original/no/resized/Normal_498-slice156.jpg,0
data-original/no/resized/Normal_352-slice156.jpg,0
data-original/no/resized/Normal_727-slice180.jpg,0
data-original/no/resized/Normal_972-slice156.jpg,0
data-original/yes/resized/248.jpg,1
data-original/no/resized/Normal_797-slice180.jpg,0
data-original/no/resized/Normal_870-slice156.jpg,0
data-original/no/resized/Normal_48-slice156.jpg,0
data-original/no/resized/Normal_79-slice180.jpg,0
data-original/no/resized/Normal_921-slice180.jpg,0
data-original/yes/resized/720.jpg,1
data-original/no/resized/Normal_214-slice156.jpg,0
data-original/no/resized/Normal_485-slice180.jpg,0
data-original/no/resized/Normal_548-slice156.jpg,0
data-original/yes/resized/652.jpg,1
data-original/no/resized/Normal_398-slice156.jpg,0
data-original/no/resized/Normal_874-slice156.jpg,0
data-original/no/resized/Normal_718-slice156.jpg,0
data-original/no/resized/Normal_780-slice156.jpg,0
data-original/no/resized/Normal_257-slice180.jpg,0
data-original/no/resized/Normal_791-slice180.jpg,0
data-original/yes/resized/756.jpg,1
data-original/no/resized/Normal_671-slice180.jpg,0
data-original/no/resized/Normal_745-slice180.jpg,0
data-original/yes/resized/459.jpg,1
data-original/yes/resized/567.jpg,1
data-original/no/resized/Normal_690-slice156.jpg,0
data-original/no/resized/Normal_339-slice180.jpg,0
data-original/no/resized/Normal_964-slice156.jpg,0
data-original/yes/resized/103.jpg,1
data-original/no/resized/Normal_12-slice156.jpg,0
data-original/no/resized/Normal_1026-slice156.jpg,0
data-original/yes/resized/102.jpg,1
data-original/yes/resized/512.jpg,1
data-original/yes/resized/297.jpg,1
data-original/no/resized/Normal_544-slice156.jpg,0
data-original/no/resized/Normal_559-slice180.jpg,0
data-original/yes/resized/245.jpg,1
data-original/yes/resized/527.jpg,1
data-original/yes/resized/793.jpg,1
data-original/no/resized/Normal_545-slice180.jpg,0
data-original/yes/resized/416.jpg,1
data-original/yes/resized/262.jpg,1
data-original/no/resized/Normal_80-slice156.jpg,0
data-original/yes/resized/124.jpg,1
data-original/no/resized/Normal_182-slice156.jpg,0
data-original/no/resized/Normal_223-slice180.jpg,0
data-original/no/resized/Normal_961-slice180.jpg,0
data-original/no/resized/Normal_488-slice156.jpg,0
data-original/no/resized/Normal_490-slice156.jpg,0
data-original/no/resized/Normal_286-slice156.jpg,0
data-original/yes/resized/42.jpg,1
data-original/yes/resized/202.jpg,1
data-original/no/resized/Normal_736-slice156.jpg,0
data-original/no/resized/Normal_970-slice156.jpg,0
data-original/yes/resized/384.jpg,1
data-original/no/resized/Normal_330-slice156.jpg,0
data-original/yes/resized/795.jpg,1
data-original/yes/resized/209.jpg,1
data-original/no/resized/Normal_382-slice156.jpg,0
data-original/no/resized/Normal_991-slice180.jpg,0
data-original/no/resized/Normal_53-slice180.jpg,0
data-original/yes/resized/469.jpg,1
data-original/yes/resized/219.jpg,1
data-original/no/resized/Normal_703-slice180.jpg,0
data-original/no/resized/Normal_105-slice180.jpg,0
data-original/no/resized/Normal_702-slice156.jpg,0
data-original/no/resized/Normal_9-slice180.jpg,0
data-original/yes/resized/484.jpg,1
data-original/no/resized/Normal_630-slice156.jpg,0
data-original/no/resized/Normal_651-slice180.jpg,0
data-original/no/resized/Normal_563-slice180.jpg,0
data-original/no/resized/Normal_261-slice180.jpg,0
data-original/yes/resized/197.jpg,1
data-original/no/resized/Normal_31-slice180.jpg,0
data-original/yes/resized/676.jpg,1
data-original/no/resized/Normal_156-slice156.jpg,0
data-original/no/resized/Normal_263-slice180.jpg,0
data-original/no/resized/Normal_376-slice156.jpg,0
data-original/no/resized/Normal_1126-slice156.jpg,0
data-original/yes/resized/623.jpg,1
data-original/yes/resized/660.jpg,1
data-original/no/resized/Normal_77-slice180.jpg,0
data-original/no/resized/Normal_917-slice180.jpg,0
data-original/no/resized/Normal_1025-slice180.jpg,0
data-original/no/resized/Normal_1129-slice180.jpg,0
data-original/yes/resized/735.jpg,1
data-original/no/resized/Normal_267-slice180.jpg,0
data-original/yes/resized/282.jpg,1
data-original/no/resized/Normal_1035-slice180.jpg,0
data-original/yes/resized/441.jpg,1
data-original/yes/resized/721.jpg,1
data-original/no/resized/Normal_88-slice156.jpg,0
data-original/no/resized/Normal_595-slice180.jpg,0
data-original/no/resized/Normal_204-slice156.jpg,0
data-original/no/resized/Normal_914-slice156.jpg,0
data-original/no/resized/Normal_162-slice156.jpg,0
data-original/yes/resized/564.jpg,1
data-original/yes/resized/500.jpg,1
data-original/no/resized/Normal_166-slice156.jpg,0
data-original/no/resized/Normal_632-slice156.jpg,0
data-original/yes/resized/201.jpg,1
data-original/no/resized/Normal_174-slice156.jpg,0
data-original/yes/resized/13.jpg,1
data-original/no/resized/Normal_997-slice180.jpg,0
data-original/yes/resized/790.jpg,1
data-original/no/resized/Normal_475-slice180.jpg,0
data-original/yes/resized/759.jpg,1
data-original/no/resized/Normal_477-slice180.jpg,0
data-original/no/resized/Normal_818-slice156.jpg,0
data-original/yes/resized/584.jpg,1
data-original/yes/resized/599.jpg,1
data-original/no/resized/Normal_955-slice180.jpg,0
data-original/no/resized/Normal_491-slice180.jpg,0
data-original/yes/resized/507.jpg,1
data-original/no/resized/Normal_159-slice180.jpg,0
data-original/no/resized/Normal_84-slice156.jpg,0
data-original/no/resized/Normal_198-slice156.jpg,0
data-original/no/resized/Normal_900-slice156.jpg,0
data-original/no/resized/Normal_503-slice180.jpg,0
data-original/no/resized/Normal_793-slice180.jpg,0
data-original/yes/resized/631.jpg,1
data-original/no/resized/Normal_266-slice156.jpg,0
data-original/yes/resized/184.jpg,1
data-original/no/resized/Normal_64-slice156.jpg,0
data-original/yes/resized/561.jpg,1
data-original/no/resized/Normal_1062-slice156.jpg,0
data-original/no/resized/Normal_844-slice156.jpg,0
data-original/no/resized/Normal_566-slice156.jpg,0
data-original/no/resized/Normal_877-slice180.jpg,0
data-original/yes/resized/356.jpg,1
data-original/yes/resized/56.jpg,1
data-original/no/resized/Normal_603-slice180.jpg,0
data-original/no/resized/Normal_1027-slice180.jpg,0
data-original/no/resized/Normal_597-slice180.jpg,0
data-original/yes/resized/264.jpg,1
data-original/yes/resized/463.jpg,1
data-original/yes/resized/669.jpg,1
data-original/no/resized/Normal_39-slice180.jpg,0
data-original/no/resized/Normal_845-slice180.jpg,0
data-original/yes/resized/650.jpg,1
data-original/no/resized/Normal_200-slice156.jpg,0
data-original/no/resized/Normal_62-slice156.jpg,0
data-original/no/resized/Normal_375-slice180.jpg,0
data-original/yes/resized/760.jpg,1
data-original/no/resized/Normal_598-slice156.jpg,0
data-original/no/resized/Normal_731-slice180.jpg,0
data-original/no/resized/Normal_990-slice156.jpg,0
data-original/no/resized/Normal_740-slice156.jpg,0
data-original/no/resized/Normal_293-slice180.jpg,0
data-original/no/resized/Normal_130-slice156.jpg,0
data-original/yes/resized/598.jpg,1
data-original/yes/resized/680.jpg,1
data-original/no/resized/Normal_612-slice156.jpg,0
data-original/no/resized/Normal_238-slice156.jpg,0
data-original/no/resized/Normal_224-slice156.jpg,0
data-original/no/resized/Normal_530-slice156.jpg,0
data-original/no/resized/Normal_784-slice156.jpg,0
data-original/no/resized/Normal_132-slice156.jpg,0
data-original/yes/resized/215.jpg,1
data-original/no/resized/Normal_593-slice180.jpg,0
data-original/yes/resized/791.jpg,1
data-original/yes/resized/16.jpg,1
data-original/no/resized/Normal_163-slice180.jpg,0
data-original/no/resized/Normal_106-slice156.jpg,0
data-original/no/resized/Normal_1144-slice156.jpg,0
data-original/no/resized/Normal_161-slice180.jpg,0
data-original/yes/resized/581.jpg,1
data-original/no/resized/Normal_625-slice180.jpg,0
data-original/no/resized/Normal_466-slice156.jpg,0
data-original/yes/resized/284.jpg,1
data-original/yes/resized/72.jpg,1
data-original/no/resized/Normal_933-slice180.jpg,0
data-original/no/resized/Normal_496-slice156.jpg,0
data-original/no/resized/Normal_335-slice180.jpg,0
data-original/yes/resized/675.jpg,1
data-original/no/resized/Normal_1051-slice180.jpg,0
data-original/no/resized/Normal_317-slice180.jpg,0
data-original/no/resized/Normal_282-slice156.jpg,0
data-original/yes/resized/402.jpg,1
data-original/yes/resized/771.jpg,1
data-original/no/resized/Normal_133-slice180.jpg,0
data-original/no/resized/Normal_707-slice180.jpg,0
data-original/yes/resized/166.jpg,1
data-original/yes/resized/644.jpg,1
data-original/yes/resized/89.jpg,1
data-original/no/resized/Normal_358-slice156.jpg,0
data-original/no/resized/Normal_626-slice156.jpg,0
data-original/yes/resized/94.jpg,1
data-original/no/resized/Normal_458-slice156.jpg,0
data-original/yes/resized/260.jpg,1
data-original/no/resized/Normal_734-slice156.jpg,0
data-original/no/resized/Normal_119-slice180.jpg,0
data-original/no/resized/Normal_578-slice156.jpg,0
data-original/no/resized/Normal_940-slice156.jpg,0
data-original/no/resized/Normal_876-slice156.jpg,0
data-original/yes/resized/313.jpg,1
data-original/yes/resized/157.jpg,1
data-original/no/resized/Normal_19-slice180.jpg,0
data-original/no/resized/Normal_804-slice156.jpg,0
data-original/no/resized/Normal_835-slice180.jpg,0
data-original/no/resized/Normal_1084-slice156.jpg,0
data-original/yes/resized/188.jpg,1
data-original/no/resized/Normal_1147-slice180.jpg,0
data-original/no/resized/Normal_1064-slice156.jpg,0
data-original/no/resized/Normal_601-slice180.jpg,0
data-original/no/resized/Normal_887-slice180.jpg,0
data-original/no/resized/Normal_1162-slice156.jpg,0
data-original/no/resized/Normal_1043-slice180.jpg,0
data-original/no/resized/Normal_868-slice156.jpg,0
data-original/no/resized/Normal_220-slice156.jpg,0
data-original/no/resized/Normal_195-slice180.jpg,0
data-original/yes/resized/52.jpg,1
data-original/yes/resized/435.jpg,1
data-original/yes/resized/213.jpg,1
data-original/no/resized/Normal_111-slice180.jpg,0
data-original/no/resized/Normal_1063-slice180.jpg,0
data-original/no/resized/Normal_294-slice156.jpg,0
data-original/yes/resized/196.jpg,1
data-original/yes/resized/410.jpg,1
data-original/no/resized/Normal_819-slice180.jpg,0
data-original/yes/resized/217.jpg,1
data-original/no/resized/Normal_547-slice180.jpg,0
data-original/yes/resized/112.jpg,1
data-original/no/resized/Normal_26-slice156.jpg,0
data-original/yes/resized/194.jpg,1
data-original/no/resized/Normal_211-slice180.jpg,0
data-original/no/resized/Normal_568-slice156.jpg,0
data-original/yes/resized/636.jpg,1
data-original/yes/resized/118.jpg,1
data-original/yes/resized/751.jpg,1
data-original/yes/resized/372.jpg,1
data-original/no/resized/Normal_653-slice180.jpg,0
data-original/no/resized/Normal_437-slice180.jpg,0
data-original/no/resized/Normal_915-slice180.jpg,0
data-original/no/resized/Normal_716-slice156.jpg,0
data-original/no/resized/Normal_454-slice156.jpg,0
data-original/no/resized/Normal_140-slice156.jpg,0
data-original/yes/resized/549.jpg,1
data-original/no/resized/Normal_178-slice156.jpg,0
data-original/no/resized/Normal_122-slice156.jpg,0
data-original/no/resized/Normal_605-slice180.jpg,0
data-original/yes/resized/661.jpg,1
data-original/no/resized/Normal_748-slice156.jpg,0
data-original/no/resized/Normal_577-slice180.jpg,0
data-original/yes/resized/454.jpg,1
data-original/no/resized/Normal_427-slice180.jpg,0
data-original/yes/resized/421.jpg,1
data-original/no/resized/Normal_538-slice156.jpg,0
data-original/no/resized/Normal_351-slice180.jpg,0
data-original/yes/resized/578.jpg,1
data-original/yes/resized/25.jpg,1
data-original/yes/resized/505.jpg,1
data-original/yes/resized/674.jpg,1
data-original/yes/resized/545.jpg,1
data-original/no/resized/Normal_939-slice180.jpg,0
data-original/no/resized/Normal_840-slice156.jpg,0
data-original/no/resized/Normal_30-slice156.jpg,0
data-original/no/resized/Normal_95-slice180.jpg,0
data-original/no/resized/Normal_304-slice156.jpg,0
data-original/yes/resized/403.jpg,1
data-original/no/resized/Normal_738-slice156.jpg,0
data-original/no/resized/Normal_762-slice156.jpg,0
data-original/no/resized/Normal_668-slice156.jpg,0
data-original/no/resized/Normal_501-slice180.jpg,0
data-original/yes/resized/24.jpg,1
data-original/no/resized/Normal_167-slice180.jpg,0
data-original/yes/resized/338.jpg,1
data-original/no/resized/Normal_487-slice180.jpg,0
data-original/no/resized/Normal_778-slice156.jpg,0
data-original/no/resized/Normal_226-slice156.jpg,0
data-original/no/resized/Normal_231-slice180.jpg,0
data-original/yes/resized/477.jpg,1
data-original/no/resized/Normal_1122-slice156.jpg,0
data-original/yes/resized/383.jpg,1
data-original/yes/resized/434.jpg,1
data-original/no/resized/Normal_755-slice180.jpg,0
data-original/no/resized/Normal_175-slice180.jpg,0
data-original/no/resized/Normal_494-slice156.jpg,0
data-original/no/resized/Normal_374-slice156.jpg,0
data-original/no/resized/Normal_164-slice156.jpg,0
data-original/no/resized/Normal_1010-slice156.jpg,0
data-original/no/resized/Normal_68-slice156.jpg,0
data-original/no/resized/Normal_401-slice180.jpg,0
data-original/no/resized/Normal_451-slice180.jpg,0
data-original/no/resized/Normal_701-slice180.jpg,0
data-original/no/resized/Normal_720-slice156.jpg,0
data-original/no/resized/Normal_1004-slice156.jpg,0
data-original/no/resized/Normal_596-slice156.jpg,0
data-original/no/resized/Normal_891-slice180.jpg,0
data-original/no/resized/Normal_979-slice180.jpg,0
data-original/no/resized/Normal_414-slice156.jpg,0
data-original/no/resized/Normal_654-slice156.jpg,0
data-original/yes/resized/585.jpg,1
data-original/no/resized/Normal_1049-slice180.jpg,0
data-original/yes/resized/258.jpg,1
data-original/no/resized/Normal_611-slice180.jpg,0
data-original/no/resized/Normal_356-slice156.jpg,0
data-original/no/resized/Normal_655-slice180.jpg,0
data-original/no/resized/Normal_647-slice180.jpg,0
data-original/yes/resized/797.jpg,1
data-original/yes/resized/389.jpg,1
data-original/no/resized/Normal_442-slice156.jpg,0
data-original/no/resized/Normal_525-slice180.jpg,0
data-original/no/resized/Normal_944-slice156.jpg,0
data-original/no/resized/Normal_1113-slice180.jpg,0
data-original/yes/resized/437.jpg,1
data-original/yes/resized/742.jpg,1
data-original/no/resized/Normal_412-slice156.jpg,0
data-original/no/resized/Normal_309-slice180.jpg,0
data-original/yes/resized/330.jpg,1
data-original/no/resized/Normal_507-slice180.jpg,0
data-original/no/resized/Normal_996-slice156.jpg,0
data-original/no/resized/Normal_472-slice156.jpg,0
data-original/no/resized/Normal_771-slice180.jpg,0
data-original/yes/resized/168.jpg,1
data-original/yes/resized/464.jpg,1
data-original/no/resized/Normal_423-slice180.jpg,0
data-original/yes/resized/308.jpg,1
data-original/no/resized/Normal_359-slice180.jpg,0
data-original/yes/resized/358.jpg,1
data-original/yes/resized/583.jpg,1
data-original/yes/resized/731.jpg,1
data-original/yes/resized/386.jpg,1
data-original/yes/resized/787.jpg,1
data-original/yes/resized/769.jpg,1
data-original/no/resized/Normal_323-slice180.jpg,0
data-original/no/resized/Normal_856-slice156.jpg,0
data-original/no/resized/Normal_225-slice180.jpg,0
data-original/yes/resized/461.jpg,1
data-original/no/resized/Normal_618-slice156.jpg,0
data-original/yes/resized/665.jpg,1
data-original/no/resized/Normal_550-slice156.jpg,0
data-original/no/resized/Normal_389-slice180.jpg,0
data-original/no/resized/Normal_589-slice180.jpg,0
data-original/no/resized/Normal_728-slice156.jpg,0
data-original/yes/resized/362.jpg,1
data-original/yes/resized/108.jpg,1
data-original/no/resized/Normal_886-slice156.jpg,0
data-original/no/resized/Normal_265-slice180.jpg,0
data-original/no/resized/Normal_148-slice156.jpg,0
data-original/yes/resized/406.jpg,1
data-original/yes/resized/36.jpg,1
data-original/no/resized/Normal_604-slice156.jpg,0
data-original/yes/resized/148.jpg,1
data-original/no/resized/Normal_541-slice180.jpg,0
data-original/no/resized/Normal_670-slice156.jpg,0
data-original/no/resized/Normal_360-slice156.jpg,0
data-original/no/resized/Normal_700-slice156.jpg,0
data-original/yes/resized/344.jpg,1
data-original/no/resized/Normal_1138-slice156.jpg,0
data-original/no/resized/Normal_686-slice156.jpg,0
data-original/no/resized/Normal_518-slice156.jpg,0
data-original/no/resized/Normal_196-slice156.jpg,0
data-original/yes/resized/501.jpg,1
data-original/yes/resized/517.jpg,1
data-original/no/resized/Normal_465-slice180.jpg,0
data-original/no/resized/Normal_967-slice180.jpg,0
data-original/no/resized/Normal_722-slice156.jpg,0
data-original/yes/resized/748.jpg,1
data-original/no/resized/Normal_22-slice156.jpg,0
data-original/yes/resized/428.jpg,1
data-original/yes/resized/318.jpg,1
data-original/no/resized/Normal_455-slice180.jpg,0
data-original/no/resized/Normal_157-slice180.jpg,0
data-original/no/resized/Normal_280-slice156.jpg,0
data-original/no/resized/Normal_843-slice180.jpg,0
data-original/yes/resized/375.jpg,1
data-original/yes/resized/431.jpg,1
data-original/no/resized/Normal_259-slice180.jpg,0
data-original/yes/resized/632.jpg,1
data-original/no/resized/Normal_822-slice156.jpg,0
data-original/no/resized/Normal_23-slice180.jpg,0
data-original/yes/resized/316.jpg,1
data-original/no/resized/Normal_529-slice180.jpg,0
data-original/no/resized/Normal_998-slice156.jpg,0
data-original/no/resized/Normal_898-slice156.jpg,0
data-original/no/resized/Normal_696-slice156.jpg,0
data-original/no/resized/Normal_841-slice180.jpg,0
data-original/yes/resized/609.jpg,1
data-original/no/resized/Normal_306-slice156.jpg,0
data-original/no/resized/Normal_1141-slice180.jpg,0
data-original/yes/resized/624.jpg,1
data-original/no/resized/Normal_391-slice180.jpg,0
data-original/yes/resized/185.jpg,1
data-original/yes/resized/440.jpg,1
data-original/no/resized/Normal_232-slice156.jpg,0
data-original/yes/resized/120.jpg,1
data-original/yes/resized/133.jpg,1
data-original/no/resized/Normal_571-slice180.jpg,0
data-original/no/resized/Normal_160-slice156.jpg,0
data-original/no/resized/Normal_1121-slice180.jpg,0
data-original/yes/resized/19.jpg,1
data-original/yes/resized/32.jpg,1
data-original/no/resized/Normal_636-slice156.jpg,0
data-original/no/resized/Normal_468-slice156.jpg,0
data-original/yes/resized/283.jpg,1
data-original/yes/resized/111.jpg,1
data-original/no/resized/Normal_974-slice156.jpg,0
data-original/yes/resized/548.jpg,1
data-original/no/resized/Normal_20-slice156.jpg,0
data-original/no/resized/Normal_172-slice156.jpg,0
data-original/no/resized/Normal_537-slice180.jpg,0
data-original/yes/resized/35.jpg,1
data-original/no/resized/Normal_851-slice180.jpg,0
data-original/no/resized/Normal_657-slice180.jpg,0
data-original/no/resized/Normal_767-slice180.jpg,0
data-original/no/resized/Normal_495-slice180.jpg,0
data-original/no/resized/Normal_610-slice156.jpg,0
data-original/no/resized/Normal_1161-slice180.jpg,0
data-original/no/resized/Normal_222-slice156.jpg,0
data-original/no/resized/Normal_555-slice180.jpg,0
data-original/no/resized/Normal_785-slice180.jpg,0
data-original/yes/resized/265.jpg,1
data-original/yes/resized/550.jpg,1
data-original/no/resized/Normal_942-slice156.jpg,0
data-original/no/resized/Normal_984-slice156.jpg,0
data-original/yes/resized/737.jpg,1
data-original/yes/resized/617.jpg,1
data-original/yes/resized/378.jpg,1
data-original/no/resized/Normal_883-slice180.jpg,0
data-original/no/resized/Normal_759-slice180.jpg,0
data-original/yes/resized/426.jpg,1
data-original/no/resized/Normal_908-slice156.jpg,0
data-original/no/resized/Normal_682-slice156.jpg,0
data-original/yes/resized/508.jpg,1
data-original/no/resized/Normal_867-slice180.jpg,0
data-original/yes/resized/399.jpg,1
data-original/yes/resized/269.jpg,1
data-original/no/resized/Normal_150-slice156.jpg,0
data-original/yes/resized/303.jpg,1
data-original/no/resized/Normal_1058-slice156.jpg,0
data-original/yes/resized/180.jpg,1
data-original/no/resized/Normal_510-slice156.jpg,0
data-original/no/resized/Normal_217-slice180.jpg,0
data-original/no/resized/Normal_980-slice156.jpg,0
data-original/yes/resized/172.jpg,1
data-original/yes/resized/553.jpg,1
data-original/yes/resized/69.jpg,1
data-original/no/resized/Normal_615-slice180.jpg,0
data-original/yes/resized/471.jpg,1
data-original/yes/resized/233.jpg,1
data-original/no/resized/Normal_635-slice180.jpg,0
data-original/no/resized/Normal_842-slice156.jpg,0
data-original/no/resized/Normal_135-slice180.jpg,0
data-original/no/resized/Normal_715-slice180.jpg,0
data-original/no/resized/Normal_123-slice180.jpg,0
data-original/yes/resized/57.jpg,1
data-original/no/resized/Normal_452-slice156.jpg,0
data-original/no/resized/Normal_29-slice180.jpg,0
data-original/yes/resized/474.jpg,1
data-original/yes/resized/317.jpg,1
data-original/no/resized/Normal_592-slice156.jpg,0
data-original/no/resized/Normal_240-slice156.jpg,0
data-original/no/resized/Normal_273-slice180.jpg,0
data-original/yes/resized/554.jpg,1
data-original/yes/resized/193.jpg,1
data-original/no/resized/Normal_704-slice156.jpg,0
data-original/no/resized/Normal_895-slice180.jpg,0
data-original/yes/resized/565.jpg,1
data-original/no/resized/Normal_300-slice156.jpg,0
data-original/yes/resized/78.jpg,1
data-original/yes/resized/229.jpg,1
data-original/yes/resized/242.jpg,1
data-original/no/resized/Normal_373-slice180.jpg,0
data-original/yes/resized/119.jpg,1
data-original/yes/resized/649.jpg,1
data-original/yes/resized/135.jpg,1
data-original/yes/resized/390.jpg,1
data-original/no/resized/Normal_443-slice180.jpg,0
data-original/no/resized/Normal_513-slice180.jpg,0
data-original/no/resized/Normal_112-slice156.jpg,0
data-original/yes/resized/592.jpg,1
data-original/no/resized/Normal_776-slice156.jpg,0
data-original/yes/resized/332.jpg,1
data-original/no/resized/Normal_927-slice180.jpg,0
data-original/yes/resized/127.jpg,1
data-original/no/resized/Normal_433-slice180.jpg,0
data-original/no/resized/Normal_363-slice180.jpg,0
data-original/no/resized/Normal_191-slice180.jpg,0
data-original/yes/resized/515.jpg,1
data-original/no/resized/Normal_742-slice156.jpg,0
data-original/yes/resized/682.jpg,1
data-original/yes/resized/412.jpg,1
data-original/no/resized/Normal_1114-slice156.jpg,0
data-original/yes/resized/718.jpg,1
data-original/no/resized/Normal_384-slice156.jpg,0
data-original/no/resized/Normal_35-slice180.jpg,0
data-original/yes/resized/31.jpg,1
data-original/no/resized/Normal_239-slice180.jpg,0
data-original/no/resized/Normal_607-slice180.jpg,0
data-original/no/resized/Normal_658-slice156.jpg,0
data-original/yes/resized/187.jpg,1
data-original/no/resized/Normal_954-slice156.jpg,0
data-original/no/resized/Normal_76-slice156.jpg,0
data-original/no/resized/Normal_399-slice180.jpg,0
data-original/no/resized/Normal_882-slice156.jpg,0
data-original/yes/resized/805.jpg,1
data-original/yes/resized/357.jpg,1
data-original/yes/resized/473.jpg,1
data-original/no/resized/Normal_102-slice156.jpg,0
data-original/yes/resized/393.jpg,1
data-original/no/resized/Normal_278-slice156.jpg,0
data-original/no/resized/Normal_247-slice180.jpg,0
data-original/no/resized/Normal_103-slice180.jpg,0
data-original/no/resized/Normal_49-slice180.jpg,0
data-original/no/resized/Normal_268-slice156.jpg,0
data-original/yes/resized/8.jpg,1
data-original/no/resized/Normal_517-slice180.jpg,0
data-original/yes/resized/420.jpg,1
data-original/yes/resized/516.jpg,1
data-original/yes/resized/673.jpg,1
data-original/no/resized/Normal_406-slice156.jpg,0
data-original/no/resized/Normal_837-slice180.jpg,0
data-original/yes/resized/449.jpg,1
data-original/yes/resized/470.jpg,1
data-original/no/resized/Normal_966-slice156.jpg,0
data-original/yes/resized/7.jpg,1
data-original/no/resized/Normal_155-slice180.jpg,0
data-original/yes/resized/266.jpg,1
data-original/no/resized/Normal_403-slice180.jpg,0
data-original/yes/resized/712.jpg,1
data-original/no/resized/Normal_147-slice180.jpg,0
data-original/no/resized/Normal_540-slice156.jpg,0
data-original/yes/resized/439.jpg,1
data-original/no/resized/Normal_511-slice180.jpg,0
data-original/no/resized/Normal_521-slice180.jpg,0
data-original/no/resized/Normal_694-slice156.jpg,0
data-original/no/resized/Normal_977-slice180.jpg,0
data-original/yes/resized/738.jpg,1
data-original/no/resized/Normal_812-slice156.jpg,0
data-original/yes/resized/606.jpg,1
data-original/no/resized/Normal_779-slice180.jpg,0
data-original/no/resized/Normal_98-slice156.jpg,0
data-original/yes/resized/234.jpg,1
data-original/yes/resized/158.jpg,1
data-original/no/resized/Normal_549-slice180.jpg,0
data-original/no/resized/Normal_372-slice156.jpg,0
data-original/no/resized/Normal_497-slice180.jpg,0
data-original/yes/resized/142.jpg,1
data-original/no/resized/Normal_923-slice180.jpg,0
data-original/yes/resized/10.jpg,1
data-original/no/resized/Normal_679-slice180.jpg,0
data-original/no/resized/Normal_13-slice180.jpg,0
data-original/no/resized/Normal_199-slice180.jpg,0
data-original/no/resized/Normal_567-slice180.jpg,0
data-original/no/resized/Normal_532-slice156.jpg,0
data-original/yes/resized/247.jpg,1
data-original/no/resized/Normal_101-slice180.jpg,0
data-original/no/resized/Normal_348-slice156.jpg,0
data-original/no/resized/Normal_1069-slice180.jpg,0
data-original/no/resized/Normal_705-slice180.jpg,0
data-original/yes/resized/381.jpg,1
data-original/no/resized/Normal_1125-slice180.jpg,0
data-original/yes/resized/342.jpg,1
data-original/no/resized/Normal_318-slice156.jpg,0
data-original/no/resized/Normal_976-slice156.jpg,0
data-original/no/resized/Normal_697-slice180.jpg,0
data-original/no/resized/Normal_1077-slice180.jpg,0
data-original/no/resized/Normal_154-slice156.jpg,0
data-original/yes/resized/331.jpg,1
data-original/no/resized/Normal_1028-slice156.jpg,0
data-original/no/resized/Normal_25-slice180.jpg,0
data-original/yes/resized/122.jpg,1
data-original/yes/resized/22.jpg,1
data-original/no/resized/Normal_899-slice180.jpg,0
data-original/yes/resized/646.jpg,1
data-original/yes/resized/801.jpg,1
data-original/yes/resized/2.jpg,1
data-original/yes/resized/106.jpg,1
data-original/yes/resized/319.jpg,1
data-original/yes/resized/3.jpg,1
data-original/yes/resized/160.jpg,1
data-original/no/resized/Normal_16-slice156.jpg,0
data-original/no/resized/Normal_151-slice180.jpg,0
data-original/yes/resized/590.jpg,1
data-original/no/resized/Normal_432-slice156.jpg,0
data-original/yes/resized/144.jpg,1
data-original/no/resized/Normal_994-slice156.jpg,0
data-original/yes/resized/360.jpg,1
data-original/no/resized/Normal_194-slice156.jpg,0
data-original/yes/resized/770.jpg,1
data-original/no/resized/Normal_848-slice156.jpg,0
data-original/no/resized/Normal_274-slice156.jpg,0
data-original/no/resized/Normal_516-slice156.jpg,0
data-original/yes/resized/320.jpg,1
data-original/no/resized/Normal_860-slice156.jpg,0
data-original/yes/resized/65.jpg,1
data-original/yes/resized/697.jpg,1
data-original/no/resized/Normal_392-slice156.jpg,0
data-original/yes/resized/569.jpg,1
data-original/yes/resized/343.jpg,1
data-original/yes/resized/700.jpg,1
data-original/yes/resized/121.jpg,1
data-original/yes/resized/768.jpg,1
data-original/yes/resized/41.jpg,1
data-original/yes/resized/139.jpg,1
data-original/yes/resized/49.jpg,1
data-original/no/resized/Normal_850-slice156.jpg,0
data-original/no/resized/Normal_245-slice180.jpg,0
data-original/yes/resized/701.jpg,1
data-original/no/resized/Normal_689-slice180.jpg,0
data-original/no/resized/Normal_975-slice180.jpg,0
data-original/yes/resized/492.jpg,1
data-original/no/resized/Normal_332-slice156.jpg,0
data-original/no/resized/Normal_345-slice180.jpg,0
data-original/no/resized/Normal_794-slice156.jpg,0
data-original/no/resized/Normal_431-slice180.jpg,0
data-original/yes/resized/328.jpg,1
data-original/yes/resized/192.jpg,1
data-original/yes/resized/573.jpg,1
data-original/no/resized/Normal_492-slice156.jpg,0
data-original/no/resized/Normal_953-slice180.jpg,0
data-original/no/resized/Normal_863-slice180.jpg,0
data-original/yes/resized/534.jpg,1
data-original/no/resized/Normal_208-slice156.jpg,0
data-original/yes/resized/400.jpg,1
data-original/yes/resized/672.jpg,1
data-original/no/resized/Normal_480-slice156.jpg,0
data-original/no/resized/Normal_1030-slice156.jpg,0
data-original/no/resized/Normal_1071-slice180.jpg,0
data-original/no/resized/Normal_97-slice180.jpg,0
data-original/yes/resized/59.jpg,1
data-original/yes/resized/81.jpg,1
data-original/no/resized/Normal_777-slice180.jpg,0
